{
  "library": "httpx",
  "language": "python",
  "concurrency": 8,
  "duration": 180,
  "total_requests": 126515,
  "successful_requests": 126515,
  "failed_requests": 0,
  "error_rate": 0.0,
  "throughput": 702.8611111111111,
  "latency_avg_ms": 11.379500416876775,
  "latency_p50_ms": 10.675430297851562,
  "latency_p95_ms": 14.308929443359375,
  "latency_p99_ms": 19.105911254882812,
  "latency_min_ms": 4.626989364624023,
  "latency_max_ms": 5262.36891746521
}