{
  "library": "httpx",
  "language": "python",
  "concurrency": 32,
  "duration": 180,
  "total_requests": 60915,
  "successful_requests": 60915,
  "failed_requests": 0,
  "error_rate": 0.0,
  "throughput": 338.4166666666667,
  "latency_avg_ms": 94.56109077699723,
  "latency_p50_ms": 61.74874305725098,
  "latency_p95_ms": 283.4470272064209,
  "latency_p99_ms": 456.0880661010742,
  "latency_min_ms": 11.251688003540039,
  "latency_max_ms": 1172.025203704834
}