{
  "library": "httpx",
  "language": "python",
  "concurrency": 128,
  "duration": 180,
  "total_requests": 40707,
  "successful_requests": 40707,
  "failed_requests": 0,
  "error_rate": 0.0,
  "throughput": 226.15,
  "latency_avg_ms": 566.4891224695581,
  "latency_p50_ms": 375.12850761413574,
  "latency_p95_ms": 1692.5008296966553,
  "latency_p99_ms": 2906.0592651367188,
  "latency_min_ms": 24.897098541259766,
  "latency_max_ms": 8803.20692062378
}