{
  "library": "requests",
  "language": "python",
  "concurrency": 8,
  "duration": 180,
  "total_requests": 111498,
  "successful_requests": 111498,
  "failed_requests": 0,
  "error_rate": 0.0,
  "throughput": 619.4333333333333,
  "latency_avg_ms": 12.900127954261844,
  "latency_p50_ms": 9.829044342041016,
  "latency_p95_ms": 33.574581146240234,
  "latency_p99_ms": 53.497314453125,
  "latency_min_ms": 0.6263256072998047,
  "latency_max_ms": 141.16692543029785
}