{
  "library": "requests",
  "language": "python",
  "concurrency": 512,
  "duration": 180,
  "total_requests": 98201,
  "successful_requests": 98201,
  "failed_requests": 0,
  "error_rate": 0.0,
  "throughput": 545.5611111111111,
  "latency_avg_ms": 918.5270544013803,
  "latency_p50_ms": 773.0963230133057,
  "latency_p95_ms": 1544.4560050964355,
  "latency_p99_ms": 1913.0799770355225,
  "latency_min_ms": 0.8068084716796875,
  "latency_max_ms": 3209.3279361724854
}