{
  "library": "requests",
  "language": "python",
  "concurrency": 128,
  "duration": 180,
  "total_requests": 100431,
  "successful_requests": 100431,
  "failed_requests": 0,
  "error_rate": 0.0,
  "throughput": 557.95,
  "latency_avg_ms": 227.44080068660787,
  "latency_p50_ms": 194.6735382080078,
  "latency_p95_ms": 405.071496963501,
  "latency_p99_ms": 484.1148853302002,
  "latency_min_ms": 0.7104873657226562,
  "latency_max_ms": 1181.3161373138428
}